{"response_time":0.7607981651,"correct":0.9083333333}