{"response_time":0.6774152542,"correct":0.9833333333}