{"response_time":0.6105405405,"correct":0.6166666667}