{"response_time":0.6365462185,"correct":0.9916666667}