{"response_time":0.6415603448,"correct":0.9666666667}