{"response_time":0.8041724138,"correct":0.9666666667}