{"response_time":0.696862069,"correct":0.9666666667}