{"response_time":0.6205478261,"correct":0.9583333333}