{"response_time":0.6714434783,"correct":0.9583333333}