{"response_time":0.6209181818,"correct":0.9166666667}