{"response_time":0.7610423729,"correct":0.9833333333}