{"response_time":0.7023613445,"correct":0.9916666667}