{"response_time":0.6617652174,"correct":0.9583333333}