{"response_time":0.6148793103,"correct":0.9666666667}