{"response_time":0.6234910714,"correct":0.9333333333}