{"response_time":0.6123389831,"correct":0.9833333333}