{"response_time":0.7647394958,"correct":0.9916666667}