{"response_time":0.5633577982,"correct":0.9083333333}