{"response_time":0.6871682243,"correct":0.8916666667}