{"response_time":0.7324237288,"correct":0.9833333333}