{"response_time":0.5729051724,"correct":0.9666666667}