{"response_time":0.5523831776,"correct":0.8916666667}