{"response_time":0.7716465517,"correct":0.9666666667}