{"response_time":0.6623097345,"correct":0.9416666667}