{"response_time":0.6983448276,"correct":0.9666666667}