{"response_time":0.6641779661,"correct":0.9833333333}