{"response_time":0.5577457627,"correct":0.9833333333}