{"response_time":0.5636386555,"correct":0.9916666667}