{"response_time":0.6277711864,"correct":0.9833333333}