{"response_time":0.619907563,"correct":0.9916666667}