{"response_time":0.6069217391,"correct":0.9583333333}