{"response_time":0.6161808511,"correct":0.7833333333}