{"response_time":0.7164711538,"correct":0.8666666667}