{"response_time":0.5462844828,"correct":0.9666666667}