{"response_time":0.6811440678,"correct":0.9833333333}