{"response_time":0.6718559322,"correct":0.9833333333}