{"response_time":0.6187966102,"correct":0.9833333333}