{"response_time":0.6013304348,"correct":0.9583333333}