{"response_time":0.6033913043,"correct":0.9583333333}