{"response_time":0.6029237288,"correct":0.9833333333}