{"response_time":0.6417857143,"correct":0.4666666667}