{"response_time":0.6836548673,"correct":0.9416666667}