{"response_time":0.5601428571,"correct":0.9916666667}