{"response_time":0.8320442478,"correct":0.9416666667}