{"response_time":0.6196132075,"correct":0.8833333333}