{"response_time":0.6357068966,"correct":0.9666666667}