{"response_time":0.5630168067,"correct":0.9916666667}