{"response_time":0.6685254237,"correct":0.9833333333}