{"response_time":0.5461440678,"correct":0.9833333333}