{"response_time":0.6118813559,"correct":0.9833333333}