{"response_time":0.5840869565,"correct":0.9583333333}