{"response_time":0.6867787611,"correct":0.9416666667}