{"response_time":0.746840708,"correct":0.9416666667}