{"response_time":0.4950727273,"correct":0.9166666667}