{"response_time":0.7100173913,"correct":0.9583333333}