{"response_time":0.4664193548,"correct":0.2583333333}