{"response_time":0.9840744681,"correct":0.7833333333}