{"response_time":0.5863559322,"correct":0.9833333333}