{"response_time":0.5451150442,"correct":0.9416666667}