{"response_time":0.5825754717,"correct":0.8833333333}