{"response_time":1.0461022727,"correct":0.7333333333}