{"response_time":1.0434020619,"correct":0.8083333333}