{"response_time":0.9899615385,"correct":0.8666666667}