{"response_time":0.6703125,"correct":0.6666666667}