{"response_time":0.6714310345,"correct":0.9666666667}