{"response_time":0.6582068966,"correct":0.9666666667}