{"response_time":0.7129827586,"correct":0.9666666667}