{"response_time":0.6737757009,"correct":0.8916666667}