{"response_time":0.5709684211,"correct":0.7916666667}