{"response_time":0.6244537815,"correct":0.9916666667}