{"response_time":0.5626890756,"correct":0.9916666667}