{"response_time":0.4881071429,"correct":0.9333333333}