{"response_time":0.6977327586,"correct":0.9666666667}