{"response_time":0.724279661,"correct":0.9833333333}