{"response_time":0.5600941176,"correct":0.7083333333}