{"response_time":0.6081043478,"correct":0.9583333333}