{"response_time":0.5935565217,"correct":0.9583333333}