{"response_time":0.5207596154,"correct":0.8666666667}