{"response_time":0.7029913043,"correct":0.9583333333}