{"response_time":0.5703304348,"correct":0.9583333333}