{"response_time":0.697075,"correct":0.6666666667}