{"response_time":0.5877815126,"correct":0.9916666667}