{"response_time":0.4821456311,"correct":0.8583333333}