{"response_time":0.6208658537,"correct":0.6833333333}