{"response_time":0.5207478261,"correct":0.9583333333}