{"response_time":0.6667033898,"correct":0.9833333333}