{"response_time":0.5485752212,"correct":0.9416666667}