{"response_time":0.745387931,"correct":0.9666666667}