{"response_time":0.6214621849,"correct":0.9916666667}