{"response_time":0.7649090909,"correct":0.9166666667}