{"response_time":0.6349396552,"correct":0.9666666667}