{"response_time":0.5694322034,"correct":0.9833333333}