{"response_time":0.6366610169,"correct":0.9833333333}