{"response_time":0.5344134615,"correct":0.8666666667}