{"response_time":0.588487395,"correct":0.9916666667}