{"response_time":0.5947478992,"correct":0.9916666667}