{"response_time":0.6621238938,"correct":0.9416666667}