{"response_time":0.5787946429,"correct":0.9333333333}