{"response_time":0.6149495798,"correct":0.9916666667}