{"response_time":0.7243366337,"correct":0.8416666667}