{"response_time":0.549605042,"correct":0.9916666667}