{"response_time":0.6220169492,"correct":0.9833333333}