{"response_time":0.7096134454,"correct":0.9916666667}