{"response_time":0.4873170732,"correct":0.6833333333}