{"response_time":0.6047647059,"correct":0.9916666667}