{"response_time":0.5311271186,"correct":0.9833333333}