{"response_time":0.8603362832,"correct":0.9416666667}