{"response_time":0.6203391304,"correct":0.9583333333}