{"response_time":0.8406460177,"correct":0.9416666667}