{"response_time":0.666637931,"correct":0.9666666667}