{"response_time":0.7449115044,"correct":0.9416666667}