{"response_time":0.5445862069,"correct":0.9666666667}