{"response_time":0.5165486726,"correct":0.9416666667}