{"response_time":0.5728534483,"correct":0.9666666667}